port-or-base_zh-hans,port-or-base_zh-hant,port-or-base_ms,port-or-base_vi,port-or-base_en,description_zh-hans,description_zh-hant,description_vi,description_ms,description_en,longitude,latitude,country
"<strong>珍珠港-希卡姆联合基地</strong><br/>夏威夷, 美国 <br/>(21.34927, -157.94397)","<strong>珍珠港-希卡姆聯合基地</strong><br/>夏威夷, 美國 <br/>(21.34927, -157.94397)","<strong>Pangkalan Pearl Harbor Hickam</strong><br/>Hawaii, Amerika Syarikat <br/>(21.34927, -157.94397)","<strong>Căn cứ chung Trân Châu Cảng Hickam</strong><br/>Hawaii, Hoa Kỳ <br/>(21.34927, -157.94397)","<strong>Joint Base Pearl Harbor-Hickam</strong><br/>Hawaii, United States <br/>(21.34927, -157.94397)",珍珠港-希卡姆联合基地是美国海军太平洋舰队和美国空军第 15 联队的总部。其驻扎兵力有 8 艘驱逐舰、17 艘攻击型潜艇、1 艘导弹巡洋舰、一个 F-22 战斗机中队、一个 C-17 运输机中队以及将近 19000 人的现役部队。,"珍珠港-希卡姆聯合基地 (Joint Base Pearl Harbor Hickam) 是美國海軍太平洋艦隊和美國第十五航空隊的總部。其駐紮部隊包括 8 艘驅逐艦、17 艘攻擊潛艇、1 艘飛彈巡洋艦、1 支戰鬥機中隊、1 支 C-17 空運中隊，以及近 19,000 名現役士兵。","Căn cứ chung Trân Châu Cảng Hickam là trụ sở của Hạm đội Thái Bình Dương của Hải quân Hoa Kỳ và Đơn vị Cánh 15 của Không quân Hoa Kỳ. Các đơn vị đóng quân tại đây bao gồm 8 tàu khu trục, 17 tàu ngầm tấn công, 1 tàu tuần dương mang tên lửa dẫn đường, một phi đội máy bay tiêm kích F-22, một phi đội máy bay vận chuyển C-17, và gần 19.000 binh lính phục vụ tác chiến.","Pangkalan Pearl Harbor Hickam merupakan ibu pejabat Armada Pasifik Tentera Laut A.S. dan Cabang Pasukan Tentera Udara A.S Ke-15. Unit-unit ketenteraan yang ditempatkan di pangkalan ini termasuk 8 kapal pemusnah, 17 kapal selam penyerang, 1 kruiser peluru berpandu terarah, sebuah skuadron penyerang F-22, sebuah skuadron angkut udara C-17, dan hampir 19,000 anggota tugas tetap.","Joint Base Pearl Harbor Hickam is headquarters of the U.S. Navy's Pacific Fleet and the 15th Wing of the U.S. Air Force. Its stationed units include 8 destroyers, 17 attack submarines, 1 guided-missile cruiser, an F-22 fighter squadron, a C-17 airlift squadron, and nearly 19,000 active duty troops.",-157.94397,21.34927,United States
"<strong>惠勒陆军机场</strong><br/>夏威夷, 美国 <br/>(21.48667, -158.0439)","<strong>惠勒陸軍機場</strong><br/>夏威夷, 美國 <br/>(21.48667, -158.0439)","<strong>Wheeler Army Airfield</strong><br/>Hawaii, Amerika Syarikat <br/>(21.48667, -158.0439)","<strong>Sân bay Quân sự Wheeler</strong><br/>Hawaii, Hoa Kỳ <br/>(21.48667, -158.0439)","<strong>Wheeler Army Airfield</strong><br/>Hawaii, United States <br/>(21.48667, -158.0439)",惠勒陆军机场驻有美国第 25 航空作战大队，有接近 100 架战机，包括阿帕奇攻击直升机、黑鹰通用直升机、奇努克运输直升机和影子无人侦察机。,惠勒陸軍機場 (Wheeler Army Airfield) 是第 25 空中作戰旅駐紮總部，管理近 100 艘飛機的作戰任務，其中包括阿帕契攻擊直升機、黑鷹通用直升機、支努干運輸直升機，以及影子監防無人機。,"Sân bay Quân sự Wheeler là nơi đóng quân của Lữ đoàn Không quân 25, Lữ đoàn sử dụng gần 100 máy bay, bao gồm trực thăng chiến đấu Apache, trực thăng đa dụng Black Hawk, trực thăng vận tải Chinook, và máy bay giám sát không người lái Shadow.","Wheeler Army Airfield menempatkan Briged Pasukan Tempur Penerbangan ke-25 yang mengendalikan hampir 100 buah pesawat, termasuk helikopter serang Apache, helikopter utiliti Black , helikopter pengangkutan Chinook, dan dron pengawasan Shadow.","Wheeler Army Airfield is home to the 25th Aviation Combat Brigade which operates nearly 100 aircraft, including Apache attack helicopters, Black Hawk utility helicopters, Chinook transport helicopters, and Shadow surveillance drones.",-158.0439,21.48667,United States
"<strong>夏威夷海军陆战队基地</strong><br/>夏威夷, 美国 <br/>(21.443611, -157.748889)","<strong>夏威夷海軍部隊基地</strong><br/>夏威夷, 美國 <br/>(21.443611, -157.748889)","<strong>Pangkalan Kors Marin Hawaii</strong><br/>Hawaii, Amerika Syarikat <br/>(21.443611, -157.748889)","<strong>Căn cứ Thủy quân Lục chiến Hawaii</strong><br/>Hawaii, Hoa Kỳ <br/>(21.443611, -157.748889)","<strong>Marine Corps Base Hawaii</strong><br/>Hawaii, United States <br/>(21.443611, -157.748889)",夏威夷海军陆战队基地驻有美国第 24 海军陆战队，其兵力包括 50 多架旋翼机和无人侦察机以及两支海军部队：海军直升机海上打击中队和特别项目巡逻侦察中队。,夏威夷海軍部隊基地 (Marine Corps Base Hawaii) 是第 24 陸戰隊航空群駐紮總部，其部隊負責操控 50 餘架旋翼機和監防無人機，另有兩支海軍部隊：一支海上直升機攻擊中隊，以及一支特案巡邏監防中隊。,"Căn cứ Thủy quân Lục chiến Hawaii là trụ sở của Tập đoàn Máy bay 24. Các đơn vị của tập đoàn này vận hành hơn 50 máy bay trực thăng và máy bay giám sát không người lái, cũng như hai đơn vị hải quân: một phi đội hải quân Trực thăng Tấn công Hàng hải và một phi đội giám sát Tuần tra Các Dự án Đặc biệt.","Pangkalan Kors Marin Hawaii menempatkan Kumpulan Pesawat Marin 24, yang mengendalikan lebih dari 50 pesawat sayap berputar dan dron pengawasan, serta dua unit tentera laut: skuadron Helikopter Penggempur Maritim dan skuadron pengawasan Rondaan Projek Khas.","Marine Corps Base Hawaii is the home of Marine Aircraft Group 24, whose units operate over 50 rotary-wing aircraft and surveillance drones, as well as two navy units: a navy Helicopter Maritime Strike squadron and a Special Projects Patrol surveillance squadron.",-157.748889,21.443611,United States
"<strong>安德森空军基地</strong><br/>关岛 (美国) <br/>(13.58111, 144.9244)","<strong>安德森空軍基地</strong><br/>關島 (美國) <br/>(13.58111, 144.9244)","<strong>Pangkalan Tentera Udara Andersen</strong><br/>Guam (Amerika Syarikat) <br/>(13.58111, 144.9244)","<strong>Căn cứ Không quân Andersen </strong><br/>Guam (Hoa Kỳ) <br/>(13.58111, 144.9244)","<strong>Andersen Air Force Base</strong><br/>Guam (United States) <br/>(13.58111, 144.9244)",安德森空军基地自 2004 年以来就维持着一项“轰炸机持续部署”任务，并作为 B-1B、B-52 和 B-2 等轰炸机的一个前方作战基地。这里还驻扎着美国海军的一个骑士鹰通用海上直升机中队。,安德森空軍基地自 2004 年開始進行「持續轟炸機進駐任務」，是 B-1B、B-52 及 B-2 轟炸機的前進作戰基地。這裡也是海軍騎士鷹通用海上直升機中隊的駐紮基地。,"Căn cứ Không quân Andersen đã duy trì nhiệm vụ Hiện diện Liên tục của Máy bay ném từ năm 2004, đóng vai trò làm một vị trí vận hành chuyển tiếp cho các máy bay ném bom B-1B, B-52, và B-2. Nơi đây cũng chứa một phi đội trực thăng hàng hải đa dụng trên biển Knighthawk của hải quân.","Pangkalan Tentera Udara Andersen telah mengekalkan misi Kehadiran Pengebom Berterusan sejak tahun 2004, yang berkhidmat sebagai lokasi operasi hadapan untuk pengebom B-1B, B-52, dan B-2. Tempat ini turut menempatkan sebuah skuadron helikopter utiliti maritim tentera laut Knighthawk.","Andersen Air Force Base has maintained a Continuous Bomber Presence mission since 2004, serving as a forward operating location for B-1B, B-52, and B-2 bombers. It also houses a navy Knighthawk utility maritime helicopter squadron.",144.9244,13.58111,United States
"<strong>关岛海军基地</strong><br/>关岛 (美国) <br/>(13.44, 144.6525)","<strong>關島海軍基地</strong><br/>關島 (美國) <br/>(13.44, 144.6525)","<strong>Pangkalan Tentera Laut Guam</strong><br/>Guam (Amerika Syarikat) <br/>(13.44, 144.6525)","<strong>Căn cứ Hải quân Guam</strong><br/>Guam (Hoa Kỳ) <br/>(13.44, 144.6525)","<strong>Naval Base Guam</strong><br/>Guam (United States) <br/>(13.44, 144.6525)",关岛海军基地是美国四艘洛杉矶级攻击型潜艇和一个海上预定位船中队的母港。作为全世界仅有的三个中队之一，关岛海上预定位船中队维持的军需品足以保障一个 17000 人的海上远征大队 30 天的使用量，该中队还能携带远征停机坪、施工设备和野战医院船等。,"關島海軍基地共有四艘洛杉磯級攻擊潛艇，還有一支海上前線預置艦中隊。全世界只有三支海上前線預置艦中隊，這是其中一支，負責供應足以支援一支海洋遠征旅 (17,000 人) 30 天的補給品，也能載運遠征機場、建設設備以及戰地醫院物資。","Căn cứ Hải quân Guam là cảng xuất phát của bốn tàu ngầm tấn công lớp Los Angeles, và cũng là trụ sở của phi đội Tàu Giới hạn Hàng hải. Là một trong ba phi đội như vậy trên thế giới, họ đã duy trì viện trợ đủ để hỗ trợ cho Lữ đoàn Viễn chinh Biển gồm 17.000 người trong 30 ngày, cũng như khả năng mang theo các sân bay viễn chinh, thiết bị xây dựng, và hàng hóa cho bệnh viện dã chiến.","Pangkalan Tentera Laut Guam ialah pelabuhan utama untuk empat kapal selam serang kelas Los Angeles serta satu skuadron Kapal Pra Kedudukan Maritim. Merupakan satu daripada tiga skuadron yang seumpamanya di dalam dunia, ia mengekalkan bekalan yang mencukupi untuk menampung sebuah Briged Ekspedisi Marin sebanyak 17,000 anggota selama 30 hari, dan berupaya untuk menempatkan lapangan terbang ekspedisi, peralatan pembinaan dan kargo hospital lapangan.","Naval Base Guam is the home port of four Los Angeles-class attack submarines as well as a Maritime Prepositioning Ship squadron. One of only three such squadrons worldwide, it maintains supplies sufficient to support a Marine Expeditionary Brigade of 17,000 for 30 days, as well as the ability to carry expeditionary airfields, construction equipment, and field hospital cargo.",144.6525,13.44,United States
"<strong>关岛海军陆战队基地 (正在施工)</strong><br/>关岛 (美国) <br/>(13.582323, 144.844679)","<strong>關島海軍部隊基地 (正在施工)</strong><br/>關島 (美國) <br/>(13.582323, 144.844679)","<strong>Pangkalan Kors Marin Guam (dalam pembinaan)</strong><br/>Guam (Amerika Syarikat) <br/>(13.582323, 144.844679)","<strong>Căn cứ Thủy quân Lục chiến Guam (đang xây dựng)</strong><br/>Guam (Hoa Kỳ) <br/>(13.582323, 144.844679)","<strong>Marine Corps Base Guam (under construction)</strong><br/>Guam (United States) <br/>(13.582323, 144.844679)",美军正在将5000名驻扎在日本冲绳的的海军陆战队重新转移至关岛，计划到本世纪二十年代中期前完成。这次转移行动将建立美国在西太平洋的海军陆战队空地特遣队兵力，并提供必要的训练场地，以满足印太司令部的联合训练要求。,"美國軍隊預計在 2020 年前將 5,000 名的海軍陸戰隊員從日本沖繩轉調至關島。這項調度作業將在西太平洋打造海軍陸空聯合特遣隊，也將提供足以因應印太司令部 (Indo-Pacific Command) 聯合訓練需求的訓練場。","Quân đội Hoa Kỳ đang trong quá trình di dời 5.000 lính thủy từ Okinawa, Nhật Bản tới Guam vào giữa những năm 2020. Việc di dời giúp thiết lập những khả năng cho Lực lượng Đặc nhiệm Không-Bộ binh của Thủy quân Lục chiến tại Phía Tây Thái Bình Dương và cung cấp địa điểm huấn luyện cần thiết để thỏa mãn các yêu cầu liên kết huấn luyện của Bộ Tư lệnh Ấn Độ Dương - Thái Bình Dương.","Ketenteraan A.S. sedang dalam proses menempatkan semula 5,000 anggota marin dari Okinawa, Jepun ke Guam pada pertengahan tahun 2020an. Penempatan semula ini menubuhkan keupayaan Pasukan Tugas Udara-Darat Marin di Pasifik Barat dan menyediakan kawasan latihan yang diperlukan untuk memuaskan keperluan latihan bersama Komando Indo-Pasifik.","The U.S. military is in the process of relocating 5,000 marines from Okinawa, Japan to Guam by the mid-2020s. The relocation establishes Marine Air-Ground Task Force capabilities in the Western Pacific and provides training grounds needed to satisfy Indo-Pacific Command's joint training requirements.",144.844679,13.582323,United States
"<strong>威克岛机场</strong><br/>威克岛 (美国) <br/>(19.2825, 166.6367)","<strong>威克島機場</strong><br/>威克島 (美國) <br/>(19.2825, 166.6367)","<strong>Lapangan Terbang Kecil Pulau Wake</strong><br/>Wake Island (Amerika Syarikat) <br/>(19.2825, 166.6367)","<strong>Sân bay Wake Island </strong><br/>Wake Island (Hoa Kỳ) <br/>(19.2825, 166.6367)","<strong>Wake Island Airfield</strong><br/>Wake Island (United States) <br/>(19.2825, 166.6367)",威克岛机场被用作美军在太平洋的一个飞行桥梁。它没有永久驻扎的飞机或作战部队，但由于其居中位置而作为一个运输与紧急反应枢纽，发挥着重要作用。,威克島機場是美軍在太平洋的空橋。沒有任何飛行部隊或作戰部隊長期駐紮於此，但此地位置居中，是重要的運輸與緊急應變中心。,Sân bay Wake Island hoạt động như cầu không vận cho các lực lượng của Hoa Kỳ trên Thái Bình Dương. Không có máy bay hoặc các đơn bị chiến đấu đóng quân cố định tại đây nhưng sân bay này đóng một vai trò quan trọng là một trung tâm vận chuyển và phản hồi khẩn cấp do vị trí trung tâm của cơ sở này.,Lapangan Terbang Kecil Pulau Wake berfungsi sebagai penghubung udara untuk pasukan tentera A.S. di Pasifik. Ia tiada pesawat atau unit tempur yang ditempatkan secara tetap tetapi memainkan peranan penting sebagai pusat pengangkutan dan tindak balas kecemasan oleh kerana lokasi pusatnya.,Wake Island Airfield functions as an air bridge for U.S. forces in the Pacific. It has no permanently stationed aircraft or combat units but plays an important role as a transport and emergency response hub due to its central location.,166.6367,19.2825,United States
"<strong>布裘兹陆军机场</strong><br/>瓜加林环礁, 马绍尔群岛 <br/>(8.7201252, 167.7316523)","<strong>布裘茲空軍基地</strong><br/>瓜佳蓮, 馬紹爾群島 <br/>(8.7201252, 167.7316523)","<strong>Lapangan Terbang Kecil Tentera Bucholz</strong><br/>Kwajalein, Kepulauan Marshall<br/>(8.7201252, 167.7316523)","<strong>Sân bay Quân đội Bucholz</strong><br/>Kwajalein, Quần đảo Mác-san <br/>(8.7201252, 167.7316523)","<strong>Bucholz Army Airfield</strong><br/>Kwajalein Atoll, Marshall Islands <br/>(8.7201252, 167.7316523)",像威克岛一样，瓜加林环礁上的布裘兹陆军机场被用作美军在太平洋的一个运输航途基准点。它是美国陆军瓜加林守备部队的一个组成部分，其还拥有罗纳德∙里根弹道导弹防御试验场。,布裘茲空軍基地和威克島一樣，是美軍部隊在太平洋轉移陣地的中途點。這處基地屬於美國陸軍瓜佳蓮守備隊，也是雷根飛彈測試場所在地。,"Sân bay Quân đội Bucholz, cũng như Wake Island, đóng vai trò làm điểm trung gian cho các đơn vị của Hoa Kỳ quá cảnh trên Thái Bình Dương. Sân bay là một phần của Đơn vị đồn trú Kwajalein của Quân đội Hoa Kỳ, cũng là Địa điểm Thử nghiệm Tên lửa Đạn đạo Ronald Reagan.","Lapangan Terbang Kecil Tentera Bucholz, seperti Pulau Wake bertindak sebagai titik laluan untuk unit A.S. yang melalui Pasifik. Ia adalah sebahagian daripada Garison Tentera A.S. Kwajalein, yang juga menempatkan Tapak Ujian Pertahanan Peluru Berpandu Balistik Ronald Reagan.","Bucholz Army Airfield, like Wake Island, serves as a waypoint for U.S. units transiting the Pacific. It is part of U.S. Army Garrison Kwajalein, which also houses the Ronald Reagan Ballistic Missile Defense Test Site.",167.7316523,8.7201252,United States
"<strong>提尼安国际机场</strong><br/>提尼安, 北马里亚纳群岛 <br/>(15.0043, 145.6357)","<strong>天寧機場</strong><br/>天寧 島, 北馬里亞納群島 <br/>(15.0043, 145.6357)","<strong>Lapangan Terbang Antarabangsa Tinian</strong><br/>Pulau Tinian, Kepulauan Mariana Utara<br/>(15.0043, 145.6357)","<strong>Sân bay Quốc tế Tinian</strong><br/>Đảo Tinian, Quần đảo Bắc Mariana <br/>(15.0043, 145.6357)","<strong>Tinian International Airport</strong><br/>Tinian Island, Northern Mariana Islands <br/>(15.0043, 145.6357)",2018 年 11 月，美国国防部签订了一份为期 40 年的租约，以便当关岛安德森空军基地万一无法使用时，使用提尼安国际机场作为一个备降机场。,美國國防部在 2018 年 11 月簽署了一份為期 40 年的租約，預計以天寧機場 (Tinian International Airport) 做為備降機場，以利因應無法進出關島安德森空軍基地的狀況。,"Vào tháng 11 năm 2018, Bộ quốc phòng Hoa Kỳ đã ký thỏa thuận thuê Sân bay Quốc tế Tinian 40 nắm để sử dụng làm sân bay nghi binh trong trường hợp không thể tiếp cận Căn cứ Không Quân Andersen của Guam.","Pada bulan November 2018, Jabatan Pertahanan A.S. telah menandatangani pajakan 40 tahun untuk menggunakan Lapangan Terbang Antarabangsa Tinian sebagai sebuah lapangan terbang lencongan sekiranya Pangkalan Tentera Udara Andersen Guam tidak boleh diakses.",The U.S. Department of Defense signed a 40-year lease in November 2018 to use Tinian International Airport as a diversion airfield in the event that Guam's Andersen Air Force Base is inaccessible.,145.6357,15.0043,United States
"<strong>澳大利亚皇家空军达尔文基地</strong><br/>北領地, 澳大利亚 <br/>(-12.41472, 130.8767)","<strong>澳洲皇家空軍達爾文基地</strong><br/>北領地, 澳洲 <br/>(-12.41472, 130.8767)","<strong>Pangkalan RAAF Darwi</strong><br/>Wilayah Utara, Australia <br/>(-12.41472, 130.8767)","<strong>Căn cứ Darwin của RAAF</strong><br/>Lãnh thổ Bắc Úc, Úc <br/>(-12.41472, 130.8767)","<strong>RAAF Base Darwin</strong><br/>Northern Territory, Australia <br/>(-12.41472, 130.8767)",自 2012 年以来，美国已在澳大利亚的达尔文部署了一个海军陆战队轮换部队。2018 年的轮换部队规模最大，有 1500 名海军陆战队人员，包括一个炮兵连和一个空中作战分队，但美国和澳大利亚官方的目标还是将规模最终扩大到 2500 人。,"自 2012 年起，美國就在澳洲達爾文部署了一處海軍陸戰隊輪調部隊。2018 年的輪調作業是有史以來規模最龐大的作業，共計 1,500 名陸戰隊員、一座砲台，以及一支空中作戰部隊，美國和澳洲官員的最終目標是要將人數增加到 2,500 人。","Từ năm 2012, Hoa Kỳ đã triển khai Lực lượng Thuỷ quân Luân chuyến tới Darwin. Với 1.500 lính thủy, bao gồm một đơn vị pháo binh và một Lực lượng Chiến đấu Trên không, đợt quay vòng năm 2018 là lớn nhất tới giờ, mặc dù các quan chức Hoa Kỳ và Úc có mục tiêu là tang dần con số đó lên 2.500.","Sejak tahun 2012, Amerika Syarikat telah mengerahkan sekumpulan Tentera Putaran Marin ke Darwin. Dengan pasukan yang berjumlah 1,500 anggota Marin, termasuk sebuah pasukan meriam dan Elemen Tempur Udara, pusingan tahun 2018 merupakan yang terbesar, walaupun pegawai A.S. dan Australia bermatlamat untuk meningkatkan lagi bilangan itu kepada 2,500.","Since 2012, the United States has deployed a Marine Rotational Force to Darwin. With a force of 1,500 Marines, including an artillery battery and an Air Combat Element, the 2018 rotation is the largest yet, though U.S. and Australian officials aim to eventually raise that number to 2,500.",130.8767,-12.41472,United States
"<strong>澳大利亚皇家空军东赛尔基地</strong><br/>維多利亞州, 澳大利亚 <br/>(-38.09889, 147.1494444)","<strong>澳洲皇家空軍東瑟爾基地</strong><br/>維多利亞省, 澳洲  <br/>(-38.09889, 147.1494444)","<strong>RAAF Sale Timur</strong><br/>Victoria, Australia <br/>(-38.09889, 147.1494444)","<strong>Căn cứ East Sale tại RAAF</strong><br/>Victoria, Úc <br/>(-38.09889, 147.1494444)","<strong>RAAF Base East Sale</strong><br/>Victoria, Australia <br/>(-38.09889, 147.1494444)",澳大利亚皇家空军东赛尔基地主要是一个训练基地，但这里也已部署了“空中霸王”多用途飞机，用于在南太平洋地区进行监视任务。,澳洲皇家空軍東瑟爾基地主要是一處訓練基地，但曾是南太平洋監防任務部署戰力的 King Air 多用途戰機如今也駐紮於此。,"Căn cứ East Sale của Lực lượng Không quân Hoàng gia Úc (Royal Australian Air Force, RAAF) về cơ bản là một căn cứ huấn luyện, những cũng là nơi chứa máy bay đa năng King Air được sử dụng cho các nhiệm vụ giám sát ở phía Nam Thái Bình Dương.","RAAF Sale Timur berfungsi terutama sebagai sebuah pangkalan latihan, tetapi turut menempatkan pesawat berbilang peranan King Air yang telah dikerahkan dalam misi pengawasan di atas Pasifik Selatan.","RAAF East Sale is primarily a training base, but also houses King Air multi-role aircraft that have been deployed in surveillance missions over the South Pacific.",147.1494444,-38.09889,Australia
"<strong>澳大利亚皇家空军爱丁堡基地</strong><br/>南澳大利亞州, 澳大利亚 <br/>(-34.7025, 138.6208)","<strong>澳洲皇家空軍愛丁堡基地</strong><br/>南澳大利亞州, 澳洲  <br/>(-34.7025, 138.6208)","<strong>Pangkalan RAAF Edinburgh</strong><br/>Australia Selatan, Australia <br/>(-34.7025, 138.6208)","<strong>Căn cứ Edinburgh tại RAAF</strong><br/>Nam Úc, Úc <br/>(-34.7025, 138.6208)","<strong>RAAF Base Edinburgh</strong><br/>South Australia, Australia <br/>(-34.7025, 138.6208)",澳大利亚皇家空军爱丁堡基地驻有第 92 联队的 AP-3C“猎户座”侦察机和 P8-A“海神”侦察机以及空战中心，包含各个训练、保障和情报单位。,澳洲皇家空軍愛丁堡基地是 92 航空隊 AP-3C 獵戶座及 P8-A 海神號監防機的駐紮基地，也是容納訓練、支援及情報部隊的航空作戰中心。,"Căn cứ Edinburgh tại RAAF chứa máy bay giám sát Poseidon P-3C Orion và P8-A của Đơn vị Cánh 92, đồng thời là Trung tâm Tác chiến Không quân, bao gồm nhiều đơn vị huấn luyện, hỗ trợ, và tình báo.","Pangkalan RAAF Edinburgh menempatkan pesawat pengawasan AP-3C Orion dan P8-A Poseidon bagi Cabang No. 92 serta sebuah Pusat Peperangan Udara, yang terdiri daripada pelbagai unit latihan, sokongan dan risikan","RAAF Base Edinburgh is home to No. 92 Wing's AP-3C Orion and P8-A Poseidon surveillance aircraft, as well as the Air Warfare Center, which contains various training, support, and intelligence units.",138.6208,-34.7025,Australia
"<strong>澳大利亚皇家空军汤斯维尔基地</strong><br/>昆士蘭州, 澳大利亚 <br/>(-19.253333, 146.765)","<strong>澳洲皇家空軍湯斯維爾基地</strong><br/>昆士蘭州, 澳洲 <br/>(-19.253333, 146.765)","<strong>Pangkalan RAAF Townsville</strong><br/>Queensland, Australia <br/>(-19.253333, 146.765)","<strong>Căn cứ Townsville của RAAF</strong><br/>Queensland, Australia <br/>(-19.253333, 146.765)","<strong>RAAF Base Townsville</strong><br/>Queensland, Australia <br/>(-19.253333, 146.765)",澳大利亚皇家空军汤斯维尔基地是澳大利亚空军的一个前方作战基地。它还驻有陆军第 5 航空团，拥有黑鹰通用直升机和奇努克运输直升机。,澳洲皇家空軍湯斯維爾基地是澳洲空軍前進作戰基地。負責操縱黑鷹通用直升機和支努干運輸直升機的澳洲陸軍第 5 航空團也駐紮於此。,Căn cứ Townsville của RAAF là một căn cứ hoạt động chuyển tiếp cho lực lượng không quân Úc. Đây cũng là căn cứ của Trung đoàn Hàng không số 5. Trung đoàn này vận hành các trực thăng đa dụng Black Hawk và các trực thăng vận chuyển Chinook.,RAAF Townsville ialah sebuah pangkalan operasi hadapan untuk angkatan tentera udara Australia. Ia juga menempatkan Rejimen Udara Ke-5 Tentera Darat Ausralia yang mengendali helikopter utiliti Black Hawk dan helikopter pengangkutan Chinook.,"RAAF Townsville is a forward operating base for the Australian air force. It is also home to the army’s 5th Aviation Regiment, which operates Black Hawk utility helicopters and Chinook transport helicopters.",146.765,-19.253333,Australia
"<strong>澳大利亚皇家空军安伯利基地</strong><br/>昆士蘭州, 澳大利亚 <br/>(-27.640556, 152.711944)","<strong>澳洲皇家空軍安伯利基地</strong><br/>昆士蘭州, 澳洲 <br/>(-27.640556, 152.711944)","<strong>Pangkalan RAAF Amberley</strong><br/>Queensland, Australia <br/>(-27.640556, 152.711944)","<strong>Căn cứ Amberley của RAAF</strong><br/>Queensland, Australia <br/>(-27.640556, 152.711944)","<strong>RAAF Base Amberley</strong><br/>Queensland, Australia <br/>(-27.640556, 152.711944)",澳大利亚皇家空军安伯利基地是澳大利亚最大的空军基地，有 5000 多名雇员。这里驻扎的飞机有 EA-18G 咆哮者电子战机和 F/A-18F 超级大黄蜂战机以及 C-17A 运输机和 KC-30A 加油/运输机。,"澳洲皇家空軍安伯利基地是全澳洲最大的空軍基地，人數超過 5,000 名。駐紮於此的飛機包括 EA-18G 咆哮者號和 F/A-18F 超級大黃蜂，以及 C-17A 運輸機和 KC-30A 加油/運輸機。","Căn cứ Amberley của RAAF là căn cứ không quân lớn nhất tại Úc và có hơn 5.000 người. Máy bay được lưu giữ tại đây bao gồm máy bay EA-18G Growler và máy bay tiêm kích F/A-18F Super Hornet, cũng như máy bay vận chuyển C-17A và tàu bay chở dầu/vận tải KC-30A.","Pangkalan RAAF Amberley merupakan pangkalan udara yang terbesar di Australia dan mempunyai pekerja seramai lebih 5,000 orang. Pesawat yang ditempatkan di sini termasuk EA-18G Growlers dan F/A-18F Super Hornets, serta pesawat pengangkutan C-17A dan tangki/pengangkutan KC-30A.","RAAF Base Amberley is the largest air base in Australia and employs over 5,000 people. Aircraft hosted here include EA-18G Growlers and F/A-18F Super Hornets, as well as C-17A transport aircraft and KC-30A tanker/transports. ",152.711944,-27.640556,Australia
"<strong>澳大利亚皇家空军达尔文基地</strong><br/>北領地, 澳大利亚 <br/>(-12.414722, 130.876667)","<strong>澳洲皇家空軍達爾文基地</strong><br/>北領地, 澳洲 <br/>(-12.414722, 130.876667)","<strong>Pangkalan RAAF Darwin</strong><br/>Wilayah Utara, Australia <br/>(-12.414722, 130.876667)","<strong>Căn cứ Darwin của RAAF</strong><br/>Lãnh thổ Bắc Úc, Úc <br/>(-12.414722, 130.876667)","<strong>RAAF Base Darwin</strong><br/>Northern Territory, Australia <br/>(-12.414722, 130.876667)",澳大利亚皇家空军达尔文基地是一个前方作战基地，不维持主要的常备作战部队，但因为位于澳大利亚的北端，具有战略价值。它为澳大利亚其它部队和美国空军提供了整年经停该基地的交通保障。,澳洲皇家空軍達爾文基地是處前進作戰基地，此地並沒有任何長期駐紮的大型作戰部隊，但由於位居北部，因此有非常重要的戰略價值。這處基地全年支援澳洲部隊及美國空軍部隊的交通運輸。,"Căn cứ Darwin của RAAF là căn cứ hoạt động chuyển tiếp và không có lực lượng hoạt động cố định, nhưng có giá trị chiến lược do vị trí phía bắc của nó. Căn cứ này hỗ trợ giao thông cho các lực lượng khác của Úc cũng như Lực lượng Không quân Hoa Kỳ.",Pangkalan RAAF Darwin ialah sebuah pangkalan operasi hadapan yang tidak menempatkan pasukan operasi tetap yang besar tetapi mempunyai nilai strategik disebabkan lokasi utaranya. Pangkalan ini memberi bantuan sepanjang tahun kepada trafik dari pasukan tentera Australia yang lain serta Tentera Udara Amerika Syarikat.,RAAF Base Darwin is a forward operating base which does not maintain significant permanent operational forces but holds strategic value due to its northern location. It supports year-round traffic from other Australian forces as well as the United States Air Force.,130.876667,-12.414722,Australia
"<strong>澳大利亚皇家空军汀德尔基地</strong><br/>北領地, 澳大利亚 <br/>(-14.521111, 132.377778)","<strong>澳洲皇家空軍丁達爾基地</strong><br/>北領地, 澳洲 <br/>(-14.521111, 132.377778)","<strong>Pangkalan RAAF Tindal</strong><br/>Wilayah Utara, Australia <br/>(-14.521111, 132.377778)","<strong>Căn cứ Tindal của RAAF</strong><br/>Lãnh thổ Bắc Úc, Úc <br/>(-14.521111, 132.377778)","<strong>RAAF Base Tindal</strong><br/>Northern Territory, Australia <br/>(-14.521111, 132.377778)",澳大利亚皇家空军汀德尔基地驻有一个 F/A-18 大黄蜂战斗机中队，还有 E-7A 空中预警飞机，用于对远距离飞机和舰船的侦查。在澳大利亚的侦察和太空行动中，汀德尔基地起着重要作用。,澳洲皇家空軍丁達爾基地是 F/A-18 大黃蜂戰機中隊駐紮基地，用於長距離偵查船隻和飛機的 E-7A 空中預警機也在此停駐。澳洲皇家空軍丁達爾基地在澳洲是舉足輕重的監防與空中作戰基地。,Căn cứ Tindal của RAAF chứa phi đội máy bay chiến đấu F/A-18 Hornet cũng như máy bay Kiểm soát và Cảnh báo Sớm Trên không E-7A được sử dụng để phát hiện tàu và máy bay từ xa. Căn cứ Tindal của RAAF đóng một vai trò quan trọng trong việc giám sát và hoạt động trên không ở Úc.,Pangkalan RAAF Tindal menempatkan sebuah skuadron penyerang F/A-18 Hornet serta pesawat Sistem Kawalan dan Amaran Awal Udara E-7A Airborne yang digunakan untuk mengesan kapal dan pesawat dari jarak jauh. Pangkalan RAAF Tindal memainkan peranan penting dalam pengawasan dan operasi angkasa di Australia.,RAAF Base Tindal is home to an F/A-18 Hornet fighter squadron as well as E-7A Airborne Early Warning and Control aircraft used for detecting ships and planes at long distances. RAAF Base Tindal plays an important role in surveillance and space operations in Australia.,132.377778,-14.521111,Australia
"<strong>澳大利亚皇家空军威廉姆森基地</strong><br/>新南威爾士州, 澳大利亚 <br/>(-32.795, 151.834444)","<strong>澳洲皇家空軍威靈頓基地</strong><br/>新南威爾斯州, 澳洲 <br/>(-32.795, 151.834444)","<strong>Pangkalan RAAF Williamtown</strong><br/>New South Wales, Australia <br/>(-32.795, 151.834444)","<strong>Căn cứ Williamtown của RAAF</strong><br/>New South Wales, Úc <br/>(-32.795, 151.834444)","<strong>RAAF Base Williamtown</strong><br/>New South Wales, Australia <br/>(-32.795, 151.834444)",澳大利亚皇家空军威廉姆森基地是皇家空军空中作战群的总部，包括其战术战斗机分队。它驻有包括 F/A-18 大黄蜂战机在内的 70 多架飞机，以及在澳大利亚永久驻扎的第一批 F-35A 联合打击战斗机。它是澳大利亚主要的战斗机飞行员训练基地。,澳洲皇家空軍威靈頓基地是皇家空軍航空戰鬥聯隊的總部，此聯隊的戰術作戰部隊也駐紮於此。這座基地容納超過 70 架飛機，包括 F/A-18 大黃蜂，以及第一批長期駐紮於澳洲的 F-35A 聯合攻擊戰鬥機。這裡是澳洲主要的戰鬥機駕駛訓練基地。,"Căn cứ Williamtown của RAAF là trụ sở của Nhóm Không quân của RAAF, bao gồm cả đơn vị chiến đấu chiến thuật. Căn cứ này chứa hơn 70 máy bay bao gồm máy bay chiến đấu F/A-18 Hornets, cũng như Máy bay Tiêm kích bom Phối hợp F-35A đầu tiên được đặt cố định tại Úc. Đây là căn cứ chính để huấn luyện phi công chiến đấu của Úc.","Pangkalan RAAF Williamtown ialah ibu pejabat kepada Kumpulan Tempur Udara RAAF, termasuk elemen penyerang taktikalnya. Ia menempatkan lebih dari 70 buah pesawat termasuk F/A-18 Hornets, dan juga F-35A Joint Strike Fighters pertama yang berpangkalan secara tetap di Australia. Ini merupakan pangkalan latihan utama juruterbang pesawat tempur Australia.","RAAF Base Williamtown is headquarters to the RAAF’s Air Combat Group, including its tactical fighter element. It houses over 70 aircraft including F/A-18 Hornets, as well as the first F-35A Joint Strike Fighters permanently based in Australia. It is Australia’s primary fighter pilot training base.",151.834444,-32.795,Australia
"<strong>澳大利亚皇家空军里奇蒙基地</strong><br/>新南威爾士州, 澳大利亚 <br/>(-33.600833, 150.780833)","<strong>澳洲皇家空軍里奇蒙基地</strong><br/>新南威爾斯州, 澳洲 <br/>(-33.600833, 150.780833)","<strong>Pangkalan RAAF Richmond</strong><br/>New South Wales, Australia <br/>(-33.600833, 150.780833)","<strong>Căn cứ Richmond của RAAF</strong><br/>New South Wales, Úc <br/>(-33.600833, 150.780833)","<strong>RAAF Base Richmond</strong><br/>New South Wales, Australia <br/>(-33.600833, 150.780833)",澳大利亚皇家空军里奇蒙基地是澳大利亚国防军的一个重要的后勤枢纽，驻有澳大利亚皇家空军的 12 架 C-130 运输机以及其它安全、医疗和情报单位。,澳洲皇家空軍里奇蒙基地是澳洲國防部隊的重要後勤中心，這裡容納澳洲皇家空軍的 12 架 C-130 運輸機，其他安全、醫療及情報部隊也駐紮於此。,"Căn cứ Richmond của RAAF là trung tâm hậu cần của Lực lượng Quốc phòng Úc. Tại đây chứa các máy bay vận chuyển 12 C-130 cũng như các đơn vị an ninh, y tế, và tình báo khác của RAAF.","Pangkalan RAAF Richmond ialah pusat logistik utama untuk Pasukan Pertahanan Australia yang menempatkan pesawat pengangkutan 12 C-130 RAAF serta unit-unit keselamatan, perubatan dan risikan.","RAAF Base Richmond is a major logistics hub for the Australian Defence Force that houses the RAAF's 12 C-130 transport planes as well as other security, medical, and intelligence units.",150.780833,-33.600833,Australia
"<strong>澳大利亚皇家海军库塔布尔基地</strong><br/>新南威爾士州, 澳大利亚 <br/>(-33.8625, 151.226667)","<strong>澳洲皇家海軍庫塔布爾基地</strong><br/>新南威爾斯州, 澳洲 <br/>(-33.8625, 151.226667)","<strong>HMAS Kuttabul</strong><br/>New South Wales, Australia <br/>(-33.8625, 151.226667)","<strong>HMAS Kuttabul</strong><br/>New South Wales, Úc <br/>(-33.8625, 151.226667)","<strong>HMAS Kuttabul</strong><br/>New South Wales, Australia <br/>(-33.8625, 151.226667)",澳大利亚皇家海军库塔布尔基地是澳大利亚东方舰队基地的中心，为皇家海军提供行政、维护保养、后勤和训练保障。它驻有大约 20 艘舰船，保障约 2100 人。,"澳洲皇家海軍庫塔布爾基地是東部艦艇基地中心，也是澳洲皇家海軍的管理、養護、後勤與訓練支援中心。這裡約可容納 20 艘船艦，亦可支援 2,100 人。","HMAS Kuttabul là trung tâm của căn cứ Hạm đội phía Đông, và nó cung cấp hỗ trợ về hành chính, bảo trì, hậu cần, và huấn luyện cho Hải quân Hoàng gia Úc. Căn cứ này chứa khoảng 20 tàu và lực lượng hỗ trợ xấp xỉ 2.100 người.","HMAS Kuttabul ialah pusat Pangkalan Armada Timur dan menyediakan sokongan pentadbiran, penyenggaraan, logistik dan latihan untuk Pasukan Tentera Laut Diraja Australia. Pangkalan ini menempatkan kira-kira 20 buah kapal dan menampung kira-kira 2,100 anggota.","HMAS Kuttabul is the center of Fleet Base East and provides administrative, maintenance, logistics, and training support for the Royal Australian Navy. It houses roughly 20 ships and supports approximately 2,100 people.",151.226667,-33.8625,Australia
"<strong>澳大利亚皇家海军沃特哈恩基地</strong><br/>新南威爾士州, 澳大利亚 <br/>(-33.841111, 151.194444)","<strong>澳洲皇家海軍瓦特漢基地</strong><br/>新南威爾斯州, 澳洲 <br/>(-33.841111, 151.194444)","<strong>HMAS Waterhen</strong><br/>New South Wales, Australia <br/>(-33.841111, 151.194444)","<strong>HMAS Waterhen</strong><br/>New South Wales, Úc <br/>(-33.841111, 151.194444)","<strong>HMAS Waterhen</strong><br/>New South Wales, Australia <br/>(-33.841111, 151.194444)",澳大利亚皇家海军沃特哈恩基地是澳大利亚东方舰队基地的一部分，规模小于库塔布尔基地。沃特哈恩基地驻有水雷战系统中心和水雷战部队，并集中了一批反水雷舰艇。,澳洲皇家海軍瓦特漢基地隸屬東部艦艇基地，相當於規模較小的澳洲皇家海軍庫塔布爾基地。澳洲皇家海軍瓦特漢基地有一座水雷作戰系統中心，還有各種獵雷艇。,"HMAS Waterhenlà một phần của căn cứ Hạm đội phía Đông và là phiên bản nhỏ hơn của HMAS Kuttabul. HMAS Waterhen chứa Trung tâm Hệ thống Tác chiến Thủy lôi và Lực lượng Tác chiến Thủy lôi, và các tàu đối phó thủy lôi.",HMAS Waterhen ialah sebahagian daripada Pangkalan Armada Timur dan merupakan rakan sejawat kecil HMAS Kuttabul. HMAS Waterhen menempatkan Pusat Sistem Peperangan Periuk Api dan Pasukan Tentera Peperangan Periuk Api dan pelbagai kapal langkah balas periuk api.,"HMAS Waterhen is part of Fleet Base East and is the smaller counterpart to HMAS Kuttabul. HMAS Waterhen houses the Mine Warfare Systems Center and the Mine Warfare Force, and an assortment of mine countermeasure ships.",151.194444,-33.841111,Australia
"<strong>澳大利亚皇家海军信天翁基地</strong><br/>新南威爾士州, 澳大利亚 <br/>(-34.948889, 150.536944)","<strong>澳洲皇家海軍信天翁基地</strong><br/>新南威爾斯州, 澳洲 <br/>(-34.948889, 150.536944)","<strong>HMAS Albatross</strong><br/>New South Wales, Australia <br/>(-34.948889, 150.536944)","<strong>HMAS Albatross</strong><br/>New South Wales, Úc <br/>(-34.948889, 150.536944)","<strong>HMAS Albatross</strong><br/>New South Wales, Australia <br/>(-34.948889, 150.536944)",澳大利亚皇家海军信天翁基地驻有皇家海军的海军航空兵。信天翁基地是澳大利亚唯一的海军航空站，保障着四个海军直升机中队，拥有海鹰、AS350 和 MRH-90 多用途直升机。,澳洲皇家海軍信天翁基地是澳洲皇家海軍艦載航空兵駐紮基地。澳洲皇家海軍信天翁基地是全澳洲唯一一座海軍航空站，能支援四支駕駛海鷹、AS350 及 MRH-90 多功能直升機的海軍直升機中隊。,"HMAS Albatross là căn cứ của Hạm đội Không quân của Hải quân Hoàng gia Úc. Là trạm hàng không hải quân duy nhất của Úc, HMAS Albatross hỗ trợ bốn phi đội trực thăng Hải quân vận hành loại Seahawk, AS350, và trực thăng đa năng MRH-90.","HMAS Albatross menempatkan Cabang Udara Armada Tentera Laut Diraja Australia. Sebagai satu-satunya stesen udara tentera laut Australia, HMAS Albatross menyokong empat skuadron helikopter tentera laut yang mengendalikan helikopter Seahawk, AS350 dan MRH-90 berbilang peranan.","HMAS Albatross is home to the Royal Australian Navy’s Fleet Air Arm. As Australia's only naval air station, HMAS Albatross supports four Navy helicopter squadrons operating Seahawk, AS350, and MRH-90 multi-role helicopters.",150.536944,-34.948889,Australia
"<strong>澳大利亚皇家海军库纳瓦拉基地</strong><br/>北領地, 澳大利亚 <br/>(-12.458611, 130.821667)","<strong>澳洲皇家海軍庫納瓦拉基地</strong><br/>北領地, 澳洲  <br/>(-12.458611, 130.821667)","<strong>HMAS Coonawarra</strong><br/>Wilayah Utara, Australia <br/>(-12.458611, 130.821667)","<strong>HMAS Coonawarra</strong><br/>Lãnh thổ Bắc Úc, Úc <br/>(-12.458611, 130.821667)","<strong>HMAS Coonawarra</strong><br/>Northern Territory, Australia <br/>(-12.458611, 130.821667)",澳大利亚皇家海军库纳瓦拉基地作为澳大利亚通向北部海域的重要门户，在皇家海军舰队保障方面起着关键作用。库纳瓦拉基地的主体装备是巡逻艇。,澳洲皇家海軍庫納瓦拉基地是澳洲北方海域的重要防線，在支援澳洲皇家海軍方面也具有舉足輕重的地位。澳洲皇家海軍庫納瓦拉基地的艦隊大多由巡邏艇組成。,HMAS Coonawarra đóng vai trò cửa ngõ của các vùng biển phía bắc của Úc và đóng vai trò then chốt trong việc cung cấp hạm đội cho Hải quân Hoàng gia Úc. Các tàu tuần tra chiếm đa số trong hạm đội tại HMAS Coonawarra.,HMAS Coonawarra bertindak sebagai laluan utama ke lautan utara Australia dan memainkan peranan yang penting dalam menyediakan khidmat bantuan armada kepada Tentera Laut Diraja Australia. Bot-bot peronda membentuk sebahagian besar armada HMAS Coonawarra.,HMAS Coonawarra serves as the major gateway to the seas north of Australia and plays a key role in fleet support for the Royal Australian Navy. Patrol boats form the majority of HMAS Coonawarra's fleet.,130.821667,-12.458611,Australia
"<strong>澳大利亚皇家海军凯恩斯基地</strong><br/>昆士蘭州, 澳大利亚 <br/>(-16.935556, 145.777778)","<strong>澳洲皇家海軍凱恩斯基地</strong><br/>昆士蘭州, 澳洲 <br/>(-16.935556, 145.777778)","<strong>HMAS Cairns</strong><br/>Queensland, Australia <br/>(-16.935556, 145.777778)","<strong>HMAS Cairns</strong><br/>Queensland, Úc <br/>(-16.935556, 145.777778)","<strong>HMAS Cairns</strong><br/>Queensland, Australia <br/>(-16.935556, 145.777778)",澳大利亚皇家海军凯恩斯基地大体上为皇家海军提供行政、维护保养和保障功能，并为太平洋岛国提供维护保养和训练服务。凯恩斯基地驻有 800 名服务人员，并集中了一批巡逻艇、汽艇和海洋测量船。,澳洲皇家海軍凱恩斯基地是澳洲皇家海軍的管理、養護及支援中心，也為太平洋島嶼國家提供養護及訓練服務。澳洲皇家海軍凱恩斯基地共有 800 位現役人員，還有各種巡邏艇、汽艇和海道測量船。,"HMAS Cairns chủ yếu cung cấp chức năng hành chính, bảo trì, và hỗ trợ cho RAN và cung cấp các dịch vụ bảo trì và huấn luyện cho các quốc đảo Thái Bình Dương. HMAS Cairns có 800 thành viên dịch vụ và các loại tàu và thuyền tuần tra và các tàu khảo sát thủy văn.","HMAS Cairns banyak menyediakan fungsi pentadbiran, penyenggaraan dan sokongan untuk RAN dan menyediakan perkhidmatan penyenggaraan dan latihan untuk negara-negara di Kepulauan Pasifik. HMAS Cairns menempatkan 800 ahli perkhidmatan dan pelbagai bot peronda, bot lancaran bermotor dan kapal tinjau hidrografik.","HMAS Cairns largely provides administrative, maintenance, and support functions for the RAN and provides maintenance and training services for Pacific Island nations. HMAS Cairns is home to 800 service members and an assortment of patrol boats, motor launches, and hydrographic survey ships.",145.777778,-16.935556,Australia
"<strong>卢斯康陆军机</strong><br/>新南威爾士州, 澳大利亚 <br/>(-33.994998, 150.952499)","<strong>澳洲勒斯科姆霍爾斯沃西軍事基地</strong><br/>新南威爾斯州, 澳洲 <br/>(-33.994998, 150.952499)","<strong>Lapangan Terbang Tentera Luscombe</strong><br/>New South Wales, Australia <br/>(-33.994998, 150.952499)","<strong>Sân bay Quân đội Holsworthy tại Luscombe</strong><br/>New South Wales, Úc <br/>(-33.994998, 150.952499)","<strong>Luscombe Army Airfield</strong><br/>New South Wales, Australia <br/>(-33.994998, 150.952499)",卢斯康∙霍尔斯沃西陆军机场驻有澳大利亚陆军第 6 航空团（澳大利亚第 16 航空大队下辖的三个陆军航空团之一）并利用黑鹰和基奥瓦通用直升机向地面部队和特战部队提供空中机动和战场保障。,澳洲勒斯科姆霍爾斯沃西軍事基地是澳洲陸軍第 6 航空團駐紮基地 (第 16 航空旅共有三支陸軍航空團，這是其中一支)，除運用黑鷹及奇奧瓦通用直升機發揮空中機動戰力外，也能支援陸地和特種部隊作戰。,"Sân bay Quân đội Holsworthy tại Luscombe là căn cứ của Trung đoàn Không quân số 6 của Úc (một trong ba trung đoàn Không quân thuộc Lữ đoàn Hàng không 16), và nó sử dụng trực thăng đa dụng Black Hawk và Kiowa để cung cấp sự cơ động cho không quân cũng như hỗ trợ mặt trận chiến lược cho các đơn vị mặt đất và Lực lượng Đặc biệt.",Lapangan Terbang Tentera Luscombe menempatkan Rejimen Udara ke-6 Tentera Darat Australia (satu daripada tiga rejimen Udara Tentera Darat di bawah Briged Penerbangan Udara ke-16) dan menggunakan helikopter utiliti Black Hawk dan Kiowa untuk menyediakan bantuan pergerakan udara dan bantuan medan pertempuran kepada unit pasukan darat dan Pasukan Khas.,Luscombe Army Airfield Holsworthy is home to the Australian Army's 6th Aviation Regiment (one of three Army Aviation regiments under the 16th Aviation Brigade) and uses Black Hawk and Kiowa utility helicopters to provide air mobility and battlefield support to land and Special Forces units.,150.952499,-33.994998,Australia
"<strong>新西兰皇家空军奥克兰基地</strong><br/>奥克兰, 新西兰 <br/>(-36.7839772, 174.8227311)","<strong>紐西蘭皇家空軍奧克蘭基地</strong><br/>奧克蘭, 紐西蘭 <br/>(-36.7839772, 174.8227311)","<strong>Pangkalan RNZAF Auckland</strong><br/>Auckland, New Zealand <br/>(-36.7839772, 174.8227311)","<strong>Căn cứ Auckland của RNZAF </strong><br/>Auckland, Niu Di-lân <br/>(-36.7839772, 174.8227311)","<strong>RNZAF Base Auckland</strong><br/>Auckland, New Zealand <br/>(-36.7839772, 174.8227311)",奥克兰基地是新西兰皇家空军的最大基地，驻有 1000 多人和一个 P-3“猎户座”侦察中队、具有反舰反潜能力的“海妖”多任务直升机和一个由 C-130 运输机和波音 757 飞机组成的运输机群。,"奧克蘭基地是規模最大的紐西蘭皇家空軍基地，此處人力超過 1,000 名，有一支 P-3 獵戶座監防中隊、配備反艦及反潛功能的海妖式多用途直升機，還有一個由 C-130 和波音 757 飛機組成的運輸團。","Là căn cứ lớn nhất của Không quân Hoàng gia Niu Di-lân (Royal New Zealand Air Force, RNZAF), Auckland có hơn 1.000 nhân sự và có phi đội giám sát P-3 Orion, trực thăng đa nhiệm Seasprite với khả năng chống tàu và chống ngầm, và một nhóm vận chuyển bao gồm máy bay C-130 và Boeing 757.","Pangkalan RNZAF yang terbesar di Auckland mempunyai lebih dari 1,000 kakitangan dan menempatkan skuadron pengawasan P-3 Orion, helikopter berbilang misi Seasprite dengan keupayaan anti-kapal dan anti-kapal selam, dan sebuah kumpulan pengangkutan yang terdiri daripada pesawat C-130 dan Boeing 757.","The largest RNZAF Base, Auckland has over 1,000 personnel and houses a P-3 Orion surveillance squadron, Seasprite multi-mission helicopters with anti-ship and anti-submarine capabilities, and a transportation group consisting of C-130 and Boeing 757 aircraft.",174.8227311,-36.7839772,New Zealand
"<strong>新西兰皇家空军奥哈克阿基地</strong><br/>马纳瓦图－旺加努伊, 新西兰 <br/>(-40.199135, 175.38991)","<strong>紐西蘭皇家空軍歐哈奇亞基地</strong><br/>馬納瓦圖－旺加努伊, 紐西蘭 <br/>(-40.199135, 175.38991)","<strong>Pangkalan RNZAF Ohakea</strong><br/>Manawatu-Wanganui, New Zealand <br/>(-40.199135, 175.38991)","<strong>Căn cứ Ohakea của RNZAF </strong><br/>Manawatu-Wanganui, Niu Di-lân <br/>(-40.199135, 175.38991)","<strong>RNZAF Base Ohakea</strong><br/>Manawatu-Wanganui, New Zealand <br/>(-40.199135, 175.38991)",新西兰皇家空军奥哈克阿基地主要用作训练基地和后勤枢纽，但也驻有 NH90 和 A109 通用直升机。,紐西蘭皇家空軍歐哈奇亞基地主要是座訓練基地兼後勤中心，同時也是 NH90 和 A109 通用直升機所在地。,"Căn cứ Ohakea của RNZAF có chức năng chính là căn cứ huấn luyện và trung tâm hậu cần, nhưng cũng có các trực thăng đa dụng NH90 và A109.","Pangkalan RNZAF Ohakea berfungsi secara utama sebagai sebuah pangkalan latihan dan pusat logistik, tetapi juga menempatkan helikopter utiliti NH90 dan A109.","RNZAF Base Ohakea functions primarily as a training base and logistics hub, but also houses NH90 and A109 utility helicopters.",175.38991,-40.199135,New Zealand
"<strong>新西兰皇家海军德文波特基地</strong><br/>奥克兰, 新西兰 <br/>(-36.83032, 174.7896)","<strong>紐西蘭皇家海軍德文港海軍基地</strong><br/>奧克蘭, 紐西蘭 <br/>(-36.83032, 174.7896)","<strong>Pangkalan Tentera Laut Devonport</strong><br/>Auckland, New Zealand <br/>(-36.83032, 174.7896)","<strong>Căn cứ Hải quân Devonport</strong><br/>Auckland, Niu Di-lân <br/>(-36.83032, 174.7896)","<strong>Devonport Naval Base</strong><br/>Auckland, New Zealand <br/>(-36.83032, 174.7896)",新西兰皇家海军全部驻扎在德文波特，包括两艘护卫舰、一艘两栖保障运输舰和六艘巡逻艇，其中两艘巡逻艇经过配备，用于南大洋结冰水域的航行。,整支紐西蘭皇家海軍艦隊駐紮在德文港，其中包括兩艘巡防艦、一艘水陸兩用支援海運艦，還有六艘巡邏船，其中兩艘還配備能穿越南冰洋的設備。,"Toàn bộ hạm đội RNZN đặt tại Devonport, bao gồm hai tàu hộ tống, tàu đổ bộ, và sáu tàu tuần tra, hai trong số đó được trang bị để di chuyển qua vùng nước đóng băng tại Nam Đại Dương.","Seluruh armada RZNZ berpangkalan di Devonport, termasuk dua frigat, sebuah kapal bantuan dan angkut laut amfibia, dan enam kapal peronda, di mana dua daripadanya dilengkapi untuk merentasi air berais di Lautan Selatan.","The entire RNZN fleet is based at Devonport, including two frigates, an amphibious support and sealift vessel, and six patrol ships, two of which are equipped to transit icy waters in the Southern Ocean.",174.7896,-36.83032,New Zealand
"<strong>法埃空军基地</strong><br/>塔希提, 法属波利尼西亚 <br/>(-17.5599, -149.6104)","<strong>法埃空軍基地</strong><br/>大溪地, 法屬波里尼西亞 <br/>(-17.5599, -149.6104)","<strong>Pangkalan Udara Faa'a</strong><br/>Tahiti, Polynesia Perancis<br/>(-17.5599, -149.6104)","<strong>Căn cứ Không quân Faa’a</strong><br/>Tahiti, Pôlinexia thuộc Pháp <br/>(-17.5599, -149.6104)","<strong>Faa'a Air Base</strong><br/>Tahiti, French Polynesia <br/>(-17.5599, -149.6104)",法埃空军基地是一个军民两用机场。在此驻扎的法国部队拥有 CASA 235 运输机、猎鹰 200 侦察机和海豚通用直升机。,法埃空軍基地是軍民兩用機場。法國部隊駐紮於此，操縱的是 CASA 235 運輸機、隼 200 監防機，以及海豚通用直升機。,"Căn cứ Không quân Faa’a vừa là sân bay quân sự vừa là sân bay dân sự. Các lực lượng của Pháp đóng quân tại đây sử dụng máy bay vận chuyển CASA 235, máy bay giám sát Falcon 200, và trực thăng đa dụng Dauphin.","Pangkalan Udara Faa'a ialah sebuah lapangan terbang dwi-penggunaan tentera dan orang awam. Pasukan tentera Perancis yang berpangkalan di sini mengendalikan pesawat pengangkutan CASA 235, pesawat pengawasan Falcon 200, dan helikopter utiliti Dauphin.","Faa'a Air Base is a dual-use military and civilian airport. French forces stationed here operate CASA 235 transport aircraft, Falcon 200 surveillance aircraft, and Dauphin utility helicopters.",-149.6104,-17.5599,France
"<strong>帕皮提港</strong><br/>塔希提, 法属波利尼西亚 <br/>(-17.5334, -149.5775)","<strong>巴比提港</strong><br/>大溪地, 法屬波里尼西亞 <br/>(-17.5334, -149.5775)","<strong>Pelabuhan Papeete</strong><br/>Tahiti, Polynesia Perancis<br/>(-17.5334, -149.5775)","<strong>Cảng Papeete</strong><br/>Tahiti, Pôlinexia thuộc Pháp <br/>(-17.5334, -149.5775)","<strong>Papeete Port</strong><br/>Tahiti, French Polynesia <br/>(-17.5334, -149.5775)",帕皮提港是一个军商两用港，是少量法国海军舰船的一个基地。这些舰船包括一艘侦查护卫舰、一艘多任务“丹特尔卡斯托”级巡逻艇和一艘“拉彼鲁兹”级巡逻船。,巴比提港市軍民兩用港口，也是幾艘法國海軍船艦的基地，其中包括一艘護衛艦、一艘多功能登特卡斯托級巡邏船，還有一艘拉提爾霍斯級巡邏船。,"Cảng Papeete được sử dụng kép làm cảng quân sự và cảng thương mại, là căn cứ cho một số ít tàu hải quân của Pháp bao gồm tàu hộ tống giám sát, tàu tuần tra thuộc lớp D’Entrecasteaux, và tàu tuần tra thuộc lớp Lapérouse.","Pelabuhan Papeete ialah sebuah pelabuhan dwi-penggunaan tentera dan komersial, yang berkhidmat sebagai sebuah pangkalan untuk beberapa kapal tentera laut Perancis D’Entrecasteaux berbilang misi, dan kapal peronda kelas Lapérouse.","Papeete Port is a dual-use military and commercial port, serving as a base for a handful of French naval vessels including a surveillance frigate, a multi-mission D’Entrecasteaux-class patrol ship, and a Lapérouse-class patrol vessel.",-149.5775,-17.5334,France
"<strong>第 186 空军基地(努美阿国际机场)</strong><br/>南部省, 新喀里多尼亚 (法国) <br/>(-22.0154, 166.2134)","<strong>186 空軍基地 (努美阿國際機場)</strong><br/>南部省, 新喀里多尼亞群島 (法國) <br/>(-22.0154, 166.2134)","<strong>Pangkalan Udara 186 (Lapangan Terbang Antarabangsa La Tontouta)</strong><br/>South Province, New Caledonia (Perancis) <br/>(-22.0154, 166.2134)","<strong>Căn cứ Không quân 186 (Sân bay Quốc tế La Tontouta)</strong><br/>Tỉnh Nam, Niu Calêđônia (Pháp) <br/>(-22.0154, 166.2134)","<strong>Base Aérienne 186 (Noumea-Tontouta Airport)</strong><br/>South Province, New Caledonia (France) <br/>(-22.0154, 166.2134)",第 186 空军基地是努美阿国际机场的一部分，在2011 年由一个海军航空基地改建而成。在此驻扎的法国部队拥有 CASA 235 运输机、猎鹰 200 侦察机和美洲狮通用直升机。,186 Aérienne 基地 (空軍基地) 在努美阿國際機場外圍作業。這處基地原是海軍航空基地，2011 年轉型，法國部隊駐紮於此，駐紮有 CASA 235 運輸機、隼 200 監防機，以及美洲獅通用直升機。,"Căn cứ Aérienne (căn cứ không quân) 186 hoạt động bên ngoài Sân bay Quốc tế La Tontouta. Được chuyển đổi từ một căn cứ không quân hải quân vào năm 2011, các lực lượng của Pháp đóng quân lại đây vận hành máy bay vận chuyển CASA 235, máy bay giám sát Falcon 200, và trực thăng đa dụng Puma.","Base Aérienne 186 (Pangkalan Udara 186) beroperasi di luar Lapangan Terbang Antarabangsa La Tontouta. Diubah suai dari sebuah pangkalan penerbangan tentera laut pada tahun 2011, pasukan tentera Perancis yang berpangkalan di sini mengendalikan pesawat pengangkutan CASA 235, pesawat pengawasan Falcon 200, dan helikopter utiliti Puma.","Base Aérienne (air base) 186 operates out of La Tontouta International Airport. Converted from a naval aviation base in 2011, French forces stationed here operate CASA 235 transport aircraft, Falcon 200 surveillance aircraft, and Puma utility helicopters.",166.2134,-22.0154,France
"<strong>沙莱海军基地</strong><br/>南部省, 新喀里多尼亚 (法国) <br/>(-22.2667, 166.45)","<strong>Chaleix 海軍基地 </strong><br/>南部省, 新喀里多尼亞群島 (法國) <br/>(-22.2667, 166.45)","<strong>Pangkalan Tentera Laut Chaleix </strong><br/>South Province, New Caledonia (Perancis) <br/>(-22.2667, 166.45)","<strong>Căn cứ Hải quân Chaleix</strong><br/>Tỉnh Nam, Niu Calêđônia (Pháp) <br/>(-22.2667, 166.45)","<strong>Chaleix Naval Base</strong><br/>South Province, New Caledonia (France) <br/>(-22.2667, 166.45)",沙莱海军基地驻有葡月号侦查护卫舰、一艘多任务“丹特尔卡斯托”级巡逻艇和两艘 P400 级巡逻船。,Chaleix 海軍基地是 Vendémiaire 護衛艦、一艘多功能登特卡斯托級巡邏船以及兩艘 P400 級巡邏船的駐紮基地。,"Căn cứ Hải quân Chaleix chứa tàu hộ tống Vendémiaire, tàu tuần tra thuộc lớp D’Entrecasteaux, và hai tàu tuần tra thuộc lớp P400.","Pangkalan Tentera Laut Chaleix menempatkan frigat pengawasan Vendémiaire, kapal peronda kelas D’Entrecasteaux berbilang misi, dan dua kapal peronda kelas P400.","Chaleix Naval Base is home to the surveillance frigate Vendémiaire, a multi-mission D’Entrecasteaux-class patrol ship, and two P400-class patrol vessels.",166.45,-22.2667,France
"<strong>卢甘维尔码头</strong><br/>卢甘维尔, 瓦努阿图 <br/>(-15.51494, 167.188)","<strong>盧甘維爾碼頭</strong><br/>盧甘維爾, 萬那杜 <br/>(-15.51494, 167.188)","<strong>Dermaga Luganville</strong><br/>Luganville, Vanuatu <br/>(-15.51494, 167.188)","<strong>Cầu cảng Luganville</strong><br/>Luganville, Va-nu-a-tu <br/>(-15.51494, 167.188)","<strong>Luganville Wharf</strong><br/>Luganville, Vanuatu <br/>(-15.51494, 167.188)",,,,,,167.188,-15.51494,China-1
"<strong>法莱奥洛国际机场</strong><br/>阿皮亚, 萨摩亚 <br/>(-13.829722, -172.008333)","<strong>法萊奧洛國際機場</strong><br/>阿皮亞, 薩摩亞 <br/>(-13.829722, -172.008333)","<strong>Lapangan Terbang Antarabangsa Faleolo</strong><br/>Apia, Samoa <br/>(-13.829722, -172.008333)","<strong>Sân bay Quốc tế Faleolo</strong><br/>Apia, Xa-moa <br/>(-13.829722, -172.008333)","<strong>Faleolo International Airport Terminal</strong><br/>Apia, Samoa <br/>(-13.829722, -172.008333)",,,,,,-172.008333,-13.829722,China-2
"<strong>乌纳码头</strong><br/>努库阿洛法, 汤加 <br/>(-21.131056, -175.197194)","<strong>烏納碼頭</strong><br/>努瓜婁發, 東加 <br/>(-21.131056, -175.197194)","<strong>Dermaga Vuna</strong><br/>Nuku'alofa, Tonga <br/>(-21.131056, -175.197194)","<strong>Cầu cảng Vuna</strong><br/>Nuku'alofa, Tonga <br/>(-21.131056, -175.197194)","<strong>Vuna Wharf</strong><br/>Nuku'alofa, Tonga <br/>(-21.131056, -175.197194)",,,,,,-175.197194,-21.131056,China-3
"<strong>太平洋渔业工业园区</strong><br/>马丹, 巴新 <br/>(-5.073056, 145.809917)","<strong>太平洋海洋產業區</strong><br/>馬當, 巴布亞紐幾內亞 <br/>(-5.073056, 145.809917)","<strong>Zon Industri Marin Pasifik</strong><br/>Madang, Papua New Guinea <br/>(-5.073056, 145.809917)","<strong>Khu Công nghiệp Biển Thái Bình Dương</strong><br/>Madang, Pa-pua Niu Ghi-nê <br/>(-5.073056, 145.809917)","<strong>Pacific Marine Industrial Zone</strong><br/>Madang, Papua New Guinea <br/>(-5.073056, 145.809917)",,,,,,145.809917,-5.073056,China-4
"<strong>黑岩营</strong><br/>楠迪, 斐济 <br/>(-17.760556, 177.485278)","<strong>黑岩軍營</strong><br/>南迪, 斐濟 <br/>(-17.760556, 177.485278)","<strong>Kem Black Rock</strong><br/>Nadi, Fiji <br/>(-17.760556, 177.485278)","<strong>Trại Đá Đen</strong><br/>Nadi, Phi-gi <br/>(-17.760556, 177.485278)","<strong>Black Rock Camp</strong><br/>Nadi, Fiji <br/>(-17.760556, 177.485278)",,,,,,177.485278,-17.760556,China-5
"<strong>隆布鲁海军基地</strong><br/>马努斯岛, 巴新 <br/>(-2.040278, 147.371944)","<strong>隆布魯海軍基地</strong><br/>馬努斯島, 巴布亞紐幾內亞 <br/>(-2.040278, 147.371944)","<strong>Pangkalan Tentera Laut Lombrum</strong><br/>Pulau Manus, Papua New Guinea <br/>(-2.040278, 147.371944)","<strong>Căn cứ Hải quân Lombrum</strong><br/>Đảo Manus, Pa-pua Niu Ghi-nê <br/>(-2.040278, 147.371944)","<strong>Lombrum Naval Base</strong><br/>Manus Island, Papua New Guinea <br/>(-2.040278, 147.371944)",,,,,,147.371944,-2.040278,China-6